date,message
2023-07-10 12:30:14+00:00,"📊 مجموعه‌ای از رویدادهای مهم اقتصادی فردا ۲۰ تیر / 11 جولای 

📨 @NEWS_FUNDA"
2023-07-10 11:01:34+00:00,"📊 تحلیل سولانا : SOL/USDT
⏰ بازه زمانی : روزانه

دو خط روند معتبر روبه بالا شکسته شده و این تاییدیه ای مثبت به حساب میاد؛ اما مهم ترین تاییدیه با رسیدن قیمت به ۲۸ دلار به وجود می آید و آنجاست که محدوده PP روبه بالا شکسته شده و میتوان از روند صعودی مطمئن بود.
📈 تارگت ها: ۴۰ دلار / ۸۵ دلار / ۱۴۰ دلار

🆔 @Kadus_Finance"
2023-07-10 10:44:06+00:00,"✍‌ بانک میلیارد دلاری استاندارد چارترد پیش بینی می‌کند قیمت #بیت_کوین تا سال ۲۰۲۴ به ۱۲۰,۰۰۰ دلار خواهد رسید.

📨 @NEWS_FUNDA"
2023-07-10 10:30:19+00:00,"✍ صرافی #بایننس سی و دومین پروژه در بخش بایننس لانچ‌ پد خود را با Arkham (ARKM) معرفی کرد.

رمزارز: Arkham (ARKM)
قیمت: 1 ARKM = 0.05 USD
کل عرضه: 1,000,000,000 ARKM
جزئیات بیشتر 

📨 @NEWS_FUNDA"
2023-07-10 09:25:56+00:00,"✍ محصولات سرمایه‌ گذاری دارایی‌های دیجیتال در هفته‌ای که گذشته ۱۳۶ میلیون دلار جریان ورودی را تجربه کردند که در ۳ هفته متوالی گذشته کل جریان ورودی را به ۴۷۰ میلیون دلار رساند و خروج سرمایه در ۹ هفته گذشته را بی اثر کرد.

🟢 فاندای مثبت

📨 @NEWS_FUNDA"
2023-07-10 09:17:46+00:00,"🚨 فوری : پروژه #Pancakeswap با گوگل کلود وارد همکاری استراتژیک شد.

🟢 فاندای مثبت

📨 @NEWS_FUNDA"
2023-07-10 09:14:19+00:00,"✍ #ویتالیک_بوترین خالق #اتریوم : 

#بیت‌_کوین برای تبدیل شدن به یک وسیله پرداخت مناسب و کامل تر، به راه‌حل‌های مقیاس‌ پذیری بیشتری نیاز دارد.

📨 @NEWS_FUNDA"
2023-07-10 08:56:05+00:00,"🚨 آزاد‌سازی برتر توکن این هفته...

🔴 بروزرسانی - آزاد سازی توکن در حجم های بالا می‌تواند باعث کاهش قیمت و یا در بلند مدت مانع از رشد قیمتی شود‌. 

📨 @NEWS_FUNDA"
2023-07-10 08:37:08+00:00,"✍ تقریبا ۷۰ درصد از مردم #روسیه خواهان انتخاب مجدد پوتین در سال ۲۰۲۴ هستند!

📝 بر اساس یک نظرسنجی که اخیرا توسط مرکز لوادا روسیه انجام شده است، ۶۸ درصد از شهروندان روسی مورد بررسی خواهان انتخاب مجدد ولادیمیر پوتین در انتخابات ریاست جمهوری ۲۰۲۴ هستند. بر اساس این نظرسنجی، از میان شرکت‌ کنندگانی که می‌خواهند پوتین پس از انتخابات ۲۰۲۴ رئیس‌ جمهور بماند، ۲۹ درصد می‌گویند که او «سیاست درستی را رهبری و دولت را تقویت می‌کند» در حالی که ۲۰ درصد می‌گویند پوتین رئیس‌جمهور خوبی است و جایگزینی برای او وجود ندارد. بر اساس این نظرسنجی، اکثر کسانی که خواهان انتخاب مجدد پوتین هستند، افراد ۵۵ ساله و بالاتر هستند، کسانی که به تلویزیون به عنوان منبع اصلی اطلاعات خود اعتماد دارند و ""ثروتمندان روسی"" هستند. انتخابات ریاست جمهوری بعدی قرار است در مارس ۲۰۲۴ در روسیه برگزار شود. این اولین انتخابات ریاست جمهوری در روسیه پس از اصلاحات پوتین در قانون اساسی این کشور در سال ۲۰۲۰ خواهد بود که به او اجازه می دهد تا مجدداً انتخاب شود. پوتین برای اولین بار در سال ۲۰۰۰ به عنوان رئیس جمهور روسیه انتخاب شد.
 
📨 @NEWS_FUNDA"
2023-07-10 07:36:55+00:00,"📊 ۲۰ ارز برتر بازار ارزهای دیجیتال با بهترین عملکرد قیمتی در سال جاری

📨 @NEWS_FUNDA"
2023-07-10 07:09:04+00:00,"📊 ارزهای دیجیتال مطرح (محبوب و پر بازدید) امروز :

#BTC
#MATIC 
#APE 
#PEPE2.0 
#PENDLE 
#METIS 
#PEPE 
#ARB 

📨 @NEWS_FUNDA"
2023-07-10 06:30:01+00:00,"🚨 شاخص #ترس_و_طمع #بیت_کوین
🕙 دوشنبه ۱۹ تیر - 10 جولای 
 
🗓 امروز: 56
🗓 دیروز: 55
🗓 هفته پیش: 62
🗓 ماه پیش: 49

📨 @NEWS_FUNDA"
2023-07-10 06:29:01+00:00,
2023-07-09 21:07:36+00:00,"✅ قیمت ها بروزرسانی شد
⏳ قیمت ها هر 5 دقیقه بروزرسانی میشوند
📆 تاریخ: دوشنبه، 1402/4/19
⏰ ساعت: 00:35
🆔 آدرس کانال: @Online_pricer
⚜️ آدرس دیگر مجموعه های ما: @Crypto_AKSA

📌 قیمت لحظه ای بازار ارز:
🇺🇸 دلار (آمریکا): 49,963 تومان
🇪🇺 یورو (اروپا): 54,847 تومان
🇦🇪 درهم (امارات): 13,612 تومان
🇬🇧 پوند (انگلیس): 64,171 تومان
🇹🇷 لیر (ترکیه): 1,920 تومان

📌 قیمت لحظه ای بازار طلا:
🔸 انس طلا: 96,193,763 تومان / 1,925.3$
🔸 طلا 18 عیار: 2,357,800 تومان
🔸 سکه امامی: 28,532,000 تومان
🔸 سکه بهار آزادی: 25,701,000 تومان
🔸 سکه گرمی: 6,400,000 تومان

📌 قیمت لحظه ای بازار ارز دیجیتال:
🔸 بیت کوین: 1,509,586,612 تومان / 30,214.09$
🔸 اتریوم: 93,461,004 تومان / 1,870.6$
🔸 تتر: 50,473 تومان / 1.00021$
🔸 بایننس کوین: 11,722,456 تومان / 234.62$
🔸 دوج کوین: 3,274 تومان / 0.065$"
2023-07-09 20:29:01+00:00,"✍ رمزارز #Kava در تاریخ ۲۱ تیر به صورت رسمی شبکه اصلی خود Kava 14 را راه‌اندازی خواهد کرد.

🟢 فاندای مثبت

📨 @NEWS_FUNDA"
2023-07-09 19:07:20+00:00,"✍ لیستینگ های روزهای آینده برخی از صرافی های ارز دیجیتال :

• رمزارز #VRA در تاریخ ۱۹ تیر در صرافی #Bitforex فهرست خواهد شد.

• رمزارز #MPT در تاریخ ۱۹ تیر در صرافی #Bitforex فهرست خواهد شد. 

• رمزارز #XPLL در تاریخ ۲۰ تیر در صرافی #Gate_io فهرست خواهد شد. 

• رمزارز #MPT در تاریخ ۲۰ تیر در صرافی #MEXC فهرست خواهد شد. 


📨 @NEWS_FUNDA"
2023-07-09 18:47:22+00:00,"🚨 آزاد‌سازی برتر توکن این هفته...

🔴 آزاد سازی توکن در حجم های بالا می‌تواند باعث کاهش قیمت و یا در بلند مدت مانع از رشد قیمتی شود‌. 

📨 @NEWS_FUNDA"
2023-07-09 18:28:55+00:00,"📊 #منهای_کریپتو :‌ نرخ بیکاری جوانان بر اساس کشورها :

🇿🇦 آفریقای جنوبی: 62.1٪
🇳🇬 نیجریه: 53.4٪
🇪🇸 اسپانیا: 28.4٪
🇫🇮 فنلاند: 27.4٪
🇮🇷 ایران: 26.9%
🇮🇹 ایتالیا: 21.7٪
🇨🇳 چین: 20.8٪
🇸🇪 سوئد: 19.9٪
🇭🇷 کرواسی: 19.3٪
🇸🇰 اسلواکی: 18.7٪
🇵🇹 پرتغال: 18.3٪
🇫🇷 فرانسه: 16.9٪
🇧🇪 بلژیک: 14.6٪
🇱🇹 لیتوانی: 14.5٪
🇹🇼 تایوان: 11.52٪
🇨🇦 کانادا: 11.5٪
🇬🇧 بریتانیا: 10.9٪
🇩🇰 دانمارک: 10.7٪
🇦🇹 اتریش: 10.6٪
🇳🇿 نیوزلند: 10.3٪
🇵🇱 لهستان: 10.3٪
🇳🇱 هلند: 8.2٪
🇳🇴 نروژ: 8٪
🇦🇺 استرالیا: 7.6٪
🇺🇸 ایالات متحده: 7.5٪
🇻🇳 ویتنام: 7.41٪
🇮🇪 ایرلند: 7.4٪
🇹🇭 تایلند: 6.5٪
🇩🇪 آلمان: 6.1٪
🇰🇷 کره جنوبی: 5.9٪
🇭🇰 هنگ کنگ: 5٪
🇯🇵 ژاپن: 3.7٪
🇨🇭 سوئیس: 1.7٪

📨 @NEWS_FUNDA"
2023-07-09 17:42:57+00:00,"✍ #هاوینگ #بیت_کوین ممکن است سود خالص ماینرها را از آن‌ها بگیرد و آن را منفی کند. 

📝 به گزارش #بلومبرگ استخراج کنندگان بیت کوین در سال آینده برای کاهش ۵۰ درصدی بیت کوین های استخراج شده آماده می شوند، همچنین با افزایش هزینه های برق و پرداخت بدهی چالش آنها با قیمت فعلی جدی تر خواهد شد.

📨 @NEWS_FUNDA"
2023-07-09 16:30:01+00:00,"✍ رویداد اقتصادی مهم این هفته چه خواهد بود؟

📝 انتظار می رود ایالات متحده در گزارش اقتصادی این هفته خود #تورم ماه ژوئن را حدود ۳ درصد اعلام کند که کمترین میزان در دو سال اخیر است. همچنین انتظار می‌رود بدون احتساب قیمت‌های بی‌ثبات مواد غذایی و انرژی، تورم اصلی قیمت مصرف‌ کننده از ۵.۳ درصد به حدود ۵ درصد کاهش یابد که کمترین میزان در ۱۸ ماه گذشته است. اقتصاددانان معتقدند تورم اصلی می تواند در ماه های آینده کاهش بیشتری پیدا کند و بین ۳.۵ تا ۴ درصد باشد.

🟢 فاندای مثبت

📨 @NEWS_FUNDA"
2023-07-09 14:14:17+00:00,"📊 در حال پیشروی به سمت #هاوینگ #بیت_کوین - تاریخ وقوع هاوینگ بعدی ""۷ اردیبهشت سال ۱۴۰۳"" بصورت تقریبی

▓▓▓▓▓▓▓▓▓▓▓▓▓░░░ 80% Progres
▓▓▓▓▓▓▓▓▓▓░░ 292D 
▓▓▓▓▓▓▓░ 42052 blocks

📨 @NEWS_FUNDA"
2023-07-09 13:30:12+00:00,"📊 مجموعه‌ای از رویدادهای مهم اقتصادی فردا ۱۹ تیر / 10 جولای 

📨 @NEWS_FUNDA"
2023-07-09 12:24:19+00:00,"📉 تعداد استارت‌ آپ‌های #ارزهای_دیجیتال (نمودار ماهانه) از زمان اوج خود ۹۸ درصد کاهش یافته‌اند...

📨 @NEWS_FUNDA"
2023-07-09 12:08:53+00:00,"📊 طبق آمار و داده‌های شرکت سرمایه گذاری ARK Invest، #بیت_کوین تا سال ۲۰۳۰ قیمتی بین ۲۵۰ هزار تا ۱.۴۸ میلیون دلار خواهد داشت.

📨 @NEWS_FUNDA"
2023-07-09 11:35:24+00:00,"🔊  ۷ راهکار سود بیش از حد در فارکس و بازار‌های مالی

⭕️ وبینار تخصصی فراسود ⭕️

💰رایگان برای ۵۰۰ نفر اول

💎 توی این وبینار یاد ‌می‌گیریم که:

⭕️ چگونه از ضرر به سود مستمر برسیم

👈 چگونه مثل حرفه‌ای ها از بازار سود بیش‌از حد بگیریم.

👈 چگونه عملکردمان را در فارکس افزایش دهیم.

👤مدرس احمد طلایی
🤩از باسابقه ترین مدرسان فارکس در ایران
🗓 ۲۱تیر | ساعت ۲۰

📌ثبت نام رایگان از لینک زیر:
➡️ httb.ir/wH357


#وبینار #فارکس #وبینار_رایگان"
2023-07-09 11:18:29+00:00,"🚨 طبق تحقیقات انجام شده، SV40 موجود در واکسن کووید «فایزر» باعث سرطان می شود. 

📝 واکسن کووید فایزر و مدرنا هر دو حاوی پروموترهای SV40 هستند که هر دو باعث آلودگی DNA می‌شوند. کوین مک کرنان، میکروبیولوژیست، پیشگام تحقیقاتی در زمینه آزمایش برخی از ویال‌های واکسن کووید سطوح بالایی از پلاسمیدهای DNA دو رشته‌ای را کشف کرده است که مربوط به آلودگی DNA می‌شوند. او این آلودگی‌ها را در ویال های فایزر و مدرنا پیدا کرده است. در طی مصاحبه ای با پیتر سوئد، وی گفت: آلودگی DNA بسیار جدی است زیرا این پلاسمید دارای قابلیت تکثیر است، سپس می تواند به سلول های انسانی حمله کند، می تواند به سلول های باکتریایی که در روده شما زندگی می کنند حمله کند. بنابراین، آنها وارد باکتری‌هایی می‌شوند که در آنجا تکثیر می‌شوند، ژن‌های مقاوم به آنتی‌بیوتیک را تکثیر می‌کنند... این می‌تواند باعث سرطان شود، و ناهنجاری‌های بسیاری را ایجاد کند. شورای جهانی بهداشت اعلام کرد که از خط قرمز بزرگی عبور کرده است. آلودگی DNA «واکسن‌های» mRNA خطری را برای همه افراد روی کره زمین ایجاد می‌کند. منبع/بیشتر بخوانید 

📨 @NEWS_FUNDA"
2023-07-09 10:39:08+00:00,"🚨 در صرافی #Kucoin چه خبر است؟

📝 صرافی کوکوین که قبلاً به دلیل سیاست‌های جدید احراز هویت سر‌ و‌ صدایی به پا کرده بود، باری دیگر با سیاست هایش حاشیه ساز شد. طبق گزارش‌ها اخیراً صرافی کوکوین به بهانه احراز هویت حساب‌های کاربران خود را مسدود می‌کند و سیاست های به مراتب سخت‌تری را برای بازیابی حساب ها اتخاذ کرده است. گمانه زنی ها حاکی از آن است که هدف از این حرکت حفظ بخشی از سپرده ها برای جلوگیری از ورشکستگی و خروج سرمایه است. این موضوع بسیاری از کاربران این صرافی را با مشکل برداشت دارایی‌ها مواجه کرده است.

📨 @NEWS_FUNDA"
2023-07-09 10:08:53+00:00,"✍ قیمت‌ #بیت_کوین و #اتریوم در صرافی #بایننس شعبه آمریکا... 

بسیاری از کاربران این صرافی چنین موردی را گزارش و از اختلاف قیمتی عجیب و زیاد آن با سایر پلتفرم ها شکایت کرده‌اند.

📨 @NEWS_FUNDA"
2023-07-09 08:30:04+00:00,"📊 ارزهای دیجیتال مطرح (محبوب و پر بازدید) امروز :

#BTC
#MATIC 
#APE 
#PEPE2.0 
#STG 
#RLB 
#ARB 
#PENDLE 

📨 @NEWS_FUNDA"
2023-07-09 06:30:27+00:00,"🚨 شاخص #ترس_و_طمع #بیت_کوین
🕙 یکشنبه ۱۸ تیر - 9 جولای 
 
🗓 امروز: 55
🗓 دیروز: 58
🗓 هفته پیش: 63
🗓 ماه پیش: 50

📨 @NEWS_FUNDA"
2023-07-09 06:29:01+00:00,
2023-07-08 20:29:01+00:00,"✍ #هوش_مصنوعی نمی تواند #بیت_کوین را در هم بشکند. (هک کند) - #ایلان_ماسک

📨 @NEWS_FUNDA"
2023-07-08 18:30:01+00:00,"📊 #منهای_کریپتو :‌ شاخص آزادی اقتصادی بر اساس کشورها :

🇸🇬 سنگاپور: 83.9
🇨🇭 سوئیس: 83.8
🇮🇪 ایرلند: 82.0
🇳🇱 هلند: 78.0
🇩🇰 دانمارک: 77.6
🇸🇪 سوئد: 77.5
🇫🇮 فنلاند: 77.1
🇦🇺 استرالیا: 74.8
🇩🇪 آلمان: 73.7
🇰🇷 کره جنوبی: 73.7
🇨🇦 کانادا: 73.7
🇦🇪 امارات متحده عربی: 70.9
🇺🇸 ایالات متحده آمریکا: 70.6
🇬🇧 انگلستان: 69.9
🇯🇵 ژاپن: 69.3
🇮🇱 اسرائیل: 68.9
🇧🇪 بلژیک: 67.1
🇪🇸 اسپانیا: 65.0
🇫🇷 فرانسه: 63.6
🇮🇩 اندونزی: 63.5
🇲🇽 مکزیک: 63.2
🇮🇹 ایتالیا: 62.3
🇸🇦 عربستان سعودی: 58.3
🇹🇷 ترکیه: 56.9
🇿🇦 آفریقای جنوبی: 55.7
🇳🇬 نیجریه: 53.9
🇷🇺 روسیه: 53.8
🇧🇷 برزیل: 53.5
🇮🇳 هند: 52.9
🇵🇰 پاکستان: 49.4
🇨🇳 چین: 48.3
🇲🇲 میانمار: 46.5
🇮🇷 ایران: 42.2
🇻🇪 ونزوئلا: 25.8
🇨🇺 کوبا: 24.3
🇰🇵 کره شمالی: 2.9

📨 @NEWS_FUNDA"
2023-07-08 17:43:41+00:00,"✍ #به_یاد_تاریخ : خرید #بیت_کوین ۰.۳۰ دلاری در سال ۲۰۱۰

📨 @NEWS_FUNDA"
2023-07-08 16:10:33+00:00,"🚨‌ لطفا مراقب باشید و اطلاع رسانی کنید

📨 @NEWS_FUNDA"
2023-07-08 15:04:20+00:00,"✍ شرکت #تتر ۲.۵ میلیون دلار #USDT منتقل شده از Multichain را مسدود کرد.

📝 تتر، ناشر استیبل کوین، ۲.۵ میلیون دلار USDT مرتبط با سوءاستفاده احتمالی از پروتکل Multichain را مسدود کرده است. در حمله به پل میان زنجیره‌ای #فانتوم Multichain ظاهراً نزدیک به ۱۳۰ میلیون دلار تحت تاثیر قرار گرفته است. همچنین روز جمعه، بنیاد Fantom اعلام کرد که Circle سه آدرس حاوی ۶۰ میلیون دلار USDC را در زنجیره #اتریوم مسدود کرده است.

📨 @NEWS_FUNDA"
2023-07-08 14:49:52+00:00,"📊 شاخص «قیمت واقعی» #بیت_کوین برای اولین بار از ابتدای سال ۲۰۲۲ شروع به رشد کرده است. ارتباط این شاخص را با دوره‌های #هاوینگ در تصویر جستجو کنید...

🟢 فاندای مثبت

📨 @NEWS_FUNDA"
2023-07-08 14:36:47+00:00,"📊 دست کم ۷۰ درصد از عرضه #بیت_کوین حداقل در یک سال گذشته جابجا نشده‌ که یک رکورد جدید محسوب می‌شود.

📨 @NEWS_FUNDA"
2023-07-08 13:59:23+00:00,"✍ #پلن_بی / تحلیلگر :

چرخه بازار بیت کوین مثل یک ساعت (دقیق) کار می‌کند. ماه هفتم در اوایل بازار گاوی (صعودی) و #بیت_کوین دقیقا همان جایی است که باید باشد...

📨 @NEWS_FUNDA"
2023-07-08 11:27:34+00:00,"✍ پروژه Spacemesh شبکه اصلی خود را در تاریخ ۲۳ تیر راه اندازی می کند. 

📝 این استارتاپ در سال ۲۰۱۸ حدود ۱۸ میلیون دلار از Polychain، MetaStable، Paradigm، Coinbase Ventures و چند شرکت برجسته جذب کرد. Spacemesh در حال ساخت یک پلتفرم قرارداد هوشمند است که از Proof of Space-Time (PoST) به عنوان پروتکل توافقی خود استفاده می کند.

📨 @NEWS_FUNDA"
2023-07-08 10:12:27+00:00,"✍ تحلیلگر/ #kk :

📊 بروزرسانی تحلیل تتر به ریال
درحال حاضر قیمت نتونسته بالای ۵۱،۰۰۰ تومان تثبیت بده و تا وقتی قیمت پایین این مقاومت قرار داره روند میتونه نزولی باشه.
حمایت های مهم : ۴۸،۰۰۰ تومان / ۴۵،۰۰۰ تومان

📨 @NEWS_FUNDA"
2023-07-08 09:38:44+00:00,"📝 به تازگی پروژه ای با عنوان کربلا کوین به صورت گسترده در رسانه های اجتماعی فارسی زبان در حال تبلیغ است که با هدف گذاری جامعه مذهبی شیعیان با ادعای تبدیل پول کاربران به یک رمزارز ناشناخته برای آنها درآمد چند هزار درصدی دلاری به همراه خواهد داشت. این سوداگران در تبلیغات خود از کلیدواژه هایی همچون ورود جامعه مسلمان به این ارز و استفاده از بخشی از درآمد این پروژه جهت اهدای وام قرض الحسنه و اشتغال آفرینی قصد تهییج اعتقادات مذهبی کاربران و قریب آنها را دارد. در بخش دیگری از تبلیغات نیز با عنوان کردن رشد ۳۰۰۰ درصدی سرمایه گذاری در این پروژه قصد فریب کاربران با رویای چنین سودهایی را دارند. انجمن بلاکچین ایران همواره در بیانیه ها و اعلان های خود سعی در معرفی پروژه های کلاهبرداری و تبیین مولفه های این پروژه ها به کاربران داشته است که پروژه مورد اشاره تمامی مولفه های یک پروژه فریبکارانه را دارا است. لذا از تمام کاربران دعوت می نماییم ضمن توجه بیشتر به ادعاهای مطرح شده در چنین پروژه هایی در آگاه سازی سایر کاربران نیز کوشا باشید تا هرگز شاهد فریب خوردن هموطنانمان توسط سوداگران فریبکار به واسطه رویا فروشی نباشیم.

📨 @NEWS_FUNDA"
2023-07-08 09:37:29+00:00,"🚨‌ کربلا کوین کلاهبرداری است : انجمن فناوران زنجیره بلوک

📨 @NEWS_FUNDA"
2023-07-08 09:30:18+00:00,"✍ شرکت سرمایه‌ گذاری ارزهای دیجیتال، #Grayscale توکن LDO را به صندوق دیفای خود اضافه کرد.

📝 صندوق دیفای گری اسکیل اکنون شامل ؛

#Uniswap (UNI) 45.46%
#Lido (LDO) 19.04%
#Aave (AAVE) 11.53%
#MakerDAO (MKR) 10.82%
#Curve DAO Token (CRV) 7.03%
#Synthetix (SNX) 6.12%

📨 @NEWS_FUNDA"
2023-07-08 09:15:01+00:00,"✍ شیتوشی کوساما تاریخ راه اندازی #Shibarium را اعلام کرد/انتظار می رود در ماه آگوست/مرداد این پروژه راه‌اندازی شود.

📝 راه اندازی شبکه اصلی #شیباریوم در کنفرانس آینده پژوهی بلاکچین در تورنتو، کانادا انجام خواهد شد. کوساما توسعه دهنده اصلی Shibarium، اعلام کرده است که راه‌حل بلاکچین لایه ۲ بزودی راه‌اندازی می‌شود. کوساما یک پست وبلاگ اخیر را به اشتراک گذاشت و فاش کرد که راه اندازی شبکه اصلی Shibarium قرار است در کنفرانس آینده پژوهی بلاکچین در تورنتو، کانادا برگزار شود. این کنفرانس، برای ۲۲ تا ۲۶ مرداد برنامه ریزی شده است. همچنین این کنفرانس به عنوان یک رویداد جهانی برای به نمایش گذاشتن پیشرفت های پیشگامانه در صنعت بلاکچین عمل خواهد کرد. به عنوان یکی از حامیان اصلی رویداد، تیم Shiba Inu’s Shibarium معتقد است این رویداد بستر مناسبی برای به اشتراک گذاشتن اخبار هیجان انگیز خود با جامعه را فراهم خواهد کرد.

📨 @NEWS_FUNDA"
2023-07-08 08:44:00+00:00,"✍ سهام شرکت های استخراج #بیت_کوین به طور ناگهانی افزایش شدیدی داشته‌اند... آنها از چیزی آگاه هستند؟

📨 @NEWS_FUNDA"
2023-07-08 08:30:06+00:00,"📊 ارزهای دیجیتال مطرح (محبوب و پر بازدید) امروز :

#BTC
#MATIC  
#APE 
#EWT 
#PEPE2.0 
#RLB 
#SOL 
#FTM 

📨 @NEWS_FUNDA"
2023-07-08 06:30:09+00:00,"🚨 شاخص #ترس_و_طمع #بیت_کوین
🕙 شنبه ۱۷ تیر - 8 جولای 
 
🗓 امروز: 58
🗓 دیروز: 55
🗓 هفته پیش: 59
🗓 ماه پیش: 50

📨 @NEWS_FUNDA"
2023-07-08 06:29:01+00:00,
2023-07-07 20:29:01+00:00,"🚨 مجموعه‌ای از برجسته‌ ترین پروژه‌های #متاورس بازار ارزهای دیجیتال در ۷ روز گذشته

📨 @NEWS_FUNDA"
2023-07-07 19:53:01+00:00,"✍ #آقای_نهنگ : 

نزدیک به ۷۵ درصد از مدیران #بایننس در سال گذشته از سمت خود کنار رفته اند، از جمله خود #ژائو، مدیرعامل و موسس. اما نگران نباشید، آنها می گویند ""وجوه شما امن است"". همه خودی ها که چمدان هایشان را جمع می‌کنند و تا جایی که ممکن است جلوتر می روند، مطمئناً معنای بدی ندارد... همم _ انتصاب ریچارد تنگ برای نظارت بر بازارهای جهانی بایننس نشان می دهد که او اینجاست تا جایگزین CZ شود. همچنین ماه‌ها پیش فاش شد که CZ مالکیت خود بر Binance را برای جلب رضایت قانونگذاران کاهش داده و از سال ۲۰۲۳ سعی در فروش سهام خود دارد. با در نظر گرفتن عدم شفافیت در بایننس، هیچ کس نمی داند واقعاً چه اتفاقی افتاده است، اما به احتمال زیاد CZ دیگر در راس کار نیست یا در حال استعفای خود در (اواخر امسال) است.

📨 @NEWS_FUNDA"
2023-07-07 19:30:53+00:00,"🎥 آموزش کامل واریز و برداشت در صرافی بینگ اکس (جدید)

❤️ حتما تا آخر مشاهده کرده و برای همه ارسال کنید

🔗 لینک ثبت نام در صرافی BingX با 45% تخفیف معاملاتی:
https://bingx.com/partner/KSATEAM"
2023-07-07 18:40:42+00:00,"📊 #منهای_کریپتو :‌ میانگین قیمت ماهانه اینترنت  (نامحدود، کابل/ADSL):

 1. اوکراین 🇺🇦: 5.42 دلار
 2. روسیه 🇷🇺: 6.08 دلار
 3. ترکیه 🇹🇷: 7.97 دلار
 4. هند 🇮🇳: 8.54 دلار
 5. رومانی 🇷🇴: 8.83 دلار
 6. ویتنام 🇻🇳: 10.73 دلار
 7. مصر 🇪🇬: 11.22 دلار
 8. سریلانکا 🇱🇰: 12.04 دلار
 9. قزاقستان 🇰🇿: 12.28 دلار
 10. بلغارستان 🇧🇬: 12.64 دلار
 12. چین 🇨🇳: 12.85 دلار
 14. ایران 🇮🇷: 13.19 دلار
 19. پاکستان 🇵🇰: 15.88 دلار
 28. آرژانتین 🇦🇷: 19.96 دلار
 29. بنگلادش 🇧🇩: 20.25 دلار
 30. برزیل 🇧🇷: 21.32 دلار
 31. کره جنوبی 🇰🇷: 21.87 دلار
 49. اندونزی 🇮🇩: 29.42 دلار
 51. مکزیک 🇲🇽: 30.26 دلار
 52. ایتالیا 🇮🇹: 30.32 دلار
 54. فرانسه 🇫🇷: 32.16 دلار
 57. ژاپن 🇯🇵: 33.12 دلار
 68. اسپانیا 🇪🇸: 36.94 دلار
 72. انگلستان 🇬🇧: 38.38 دلار
 73. ونزوئلا 🇻🇪: 39.25 دلار
 75. آفریقای جنوبی 🇿🇦: 43.42 دلار
 81. آلمان 🇩🇪: 47.46 دلار
 85. نروژ 🇳🇴: 50.88 دلار
 90. استرالیا 🇦🇺: 57.58 دلار
 93. کانادا 🇨🇦: 64.55 دلار
 95. آمریکا 🇺🇸: 70.25 دلار
 99. امارات 🇦🇪: 100.00 دلار
🌐 سرعت اینترنت کشورها در سال 2023

📨 @NEWS_FUNDA"
2023-07-07 18:24:44+00:00,"✍ سوابق مالی نشان می‌دهد رابرت اف کندی جونیور، نامزد ریاست‌ جمهوری ایالات متحده و دوستدار ارزهای دیجیتال، تا ۲۵۰ هزار دلار #بیت‌_کوین دارد.

📨 @NEWS_FUNDA"
2023-07-07 17:47:42+00:00,"✍ سیرکل مسدود می‌کند...

دقایقی پیش آدرسی با موجودی ۵,۴۹۶,۷۳۲ USDC مسدود شد.

دقایقی پیش آدرسی با موجودی ۳۰,۱۳۷,۵۰۲ USDC مسدود شد.

دقایقی پیش آدرسی با موجودی ۲۷,۶۵۲,۴۵۱ USDC مسدود شد.

📨 @NEWS_FUNDA"
2023-07-07 15:13:23+00:00,"✍ صرافی #Gemini علیه (DCG) دیجیتال کارنسی گروپ و مدیر عامل آن بری سیلبرت شکایت می کند.

📨 @NEWS_FUNDA"
2023-07-07 14:27:58+00:00,"✍ برنامه هوش مصنوعی #ChatGPT اکنون از انتقال و پرداخت های #بیت_کوین پشتبانی می‌کند.

🟢 فاندای مثبت

📨 @NEWS_FUNDA"
2023-07-07 14:07:04+00:00,"✍ تحلیلگر / #رز :

#بیت_کوین در ۳۰ هزار دلار خوب به نظر می رسد. ۳۵ هزار دلار می‌تواند هدف بعدی باشد...

📨 @NEWS_FUNDA"
2023-07-07 12:00:35+00:00,"📊 فدرال رزرو به احتمال ۹۲.۴ درصد نرخ‌ بهره را ۰.۲۵ درصد در جلسه ۴ مرداد خود افزایش خواهد داد.

📨 @NEWS_FUNDA"
2023-07-07 11:38:31+00:00,"✍ با افزایش قیمت میم کوین PEPE2.0، شخصی تنها در ۱۰ روز میلیونر شده است! او سرمایه گذاری ۱۲ هزار دلاری خود را اکنون به ۱.۰۵ میلیون دلار تبدیل کرده است. آیا او با پروژه بی ارتباط است؟

📨 @NEWS_FUNDA"
2023-07-07 11:24:26+00:00,"✍ داده‌های جدید نشان می‌دهد بیش از ۷۸ درصد از دارندگان #بیت_کوین در حال حاضر در سود قرار دارند.

📝 آخرین باری که این سطح از سود را دیدیم در مارس ۲۰۲۲ بود، زمانی که قیمت بیت کوین حدود ۴۷ هزار دلار بود.

📨 @NEWS_FUNDA"
2023-07-07 09:31:00+00:00,"📊 ارزهای دیجیتال مطرح (محبوب و پر بازدید) امروز :

#BTC
#MATIC 
#APE  
#PEPE2.0 
#BRISE 
#PNB 
#RLB 

📨 @NEWS_FUNDA"
2023-07-07 06:40:01+00:00,"✍ صرافی #بایننس با استعفای مدیران ارشد خود به دلیل واکنش #ژائو مدیر عامل این صرافی در رابطه با تحقیقات کمیسیون بورس و اوراق بهادار، وارد بحران جدی تری می‌شود.

🔴 فاندای منفی

📨 @NEWS_FUNDA"
2023-07-07 06:35:03+00:00,"✍ #توییتر : از متا به دلیل انتشار برنامه جدید خود یعنی Threads شکایت خواهیم کرد. #ایلان_ماسک : رقابت کردن چیز بدی نیست، اما تقلب و کپی برداری اصلا خوب نیست.

📨 @NEWS_FUNDA"
2023-07-07 06:30:04+00:00,"🚨 شاخص #ترس_و_طمع #بیت_کوین
🕙 جمعه ۱۶ تیر - 7 جولای 
 
🗓 امروز: 55
🗓 دیروز: 56
🗓 هفته پیش: 56
🗓 ماه پیش: 53

📨 @NEWS_FUNDA"
2023-07-07 06:29:01+00:00,
2023-07-06 20:29:01+00:00,"✍ محصول جدید قفل توکن چند زنجیره ای میم کوین #BabyDoge فردا فعال خواهد شد.

📝 این ادغام جدید علاوه بر زنجیره #بی_ان_بی از قفل توکن در زنجیره‌های #اتریوم و #پالیگان نیز پشتیبانی خواهد کرد. قفل کننده توکن Baby Doge در حال حاضر در زنجیره BNB موجودی ۲,۸۰۰,۰۰۰ میلیون دلاری را در خود جای داده است. 

📨 @NEWS_FUNDA"
2023-07-06 19:30:55+00:00,"🎊 تخفیف ویژه

🎁 50% تخفیف کانال [ سیگنال پلاس ]

👈 برای استفاده از این تخفیف باید کد زیر را کپی کرده و برای ادمین ارسال کنید:
@KSA_Admin

کد تخفیف: KSA_OFF50"
2023-07-06 18:30:26+00:00,"📊 تحلیل #اتریوم :

👨‍🏫 تحلیلگر / #kk : بنظر باید شاهد اصلاح قیمت اتریوم تا محدوده ۱۴۰۰ دلار باشیم.

#Ethereum 
#ETH

📈 @Analysis_Altcoins"
2023-07-06 17:32:48+00:00,"📊 #منهای_کریپتو :‌ شایع ترین مخدرها بر اساس کشورها :

 🇦🇫 افغانستان: هروئین، تریاک
 🇦🇷 آرژانتین: شاهدانه
 🇦🇺 استرالیا: شاهدانه
 🇦🇿 آذربایجان: هروئین
 🇧🇾 بلاروس: تریاک
 🇧🇪 بلژیک: شاهدانه
 🇨🇦 کانادا: شاهدانه
 🇨🇳 چین: مت آمفتامین
 🇭🇷 کرواسی: هروئین
 🇨🇿 چک: بنزودیازپین ها
 🇫🇷 فرانسه: شاهدانه
 🇩🇪 آلمان: شاهدانه
 🇭🇰 هنگ کنگ: هروئین، تریاک
 🇮🇳 هند: هروئین
 🇮🇩 اندونزی: شاهدانه
 🇮🇷 ایران: تریاک
 🇮🇪 ایرلند: شاهدانه
 🇮🇱 اسرائیل: شاهدانه
 🇮🇹 ایتالیا: شاهدانه
 🇯🇵 ژاپن: مت آمفتامین
 🇱🇧 لبنان: شاهدانه
 🇲🇽 مکزیک: شاهدانه
 🇳🇱 هلند: بنزودیازپین ها
 🇳🇬 نیجریه: شاهدانه
 🇳🇴 نروژ: شاهدانه
 🇵🇰 پاکستان: شاهدانه
 🇵🇱 لهستان: شاهدانه
 🇿🇦 آفریقای جنوبی: شاهدانه
 🇰🇷 کره جنوبی: مت آمفتامین
 🇪🇸 اسپانیا: شاهدانه
 🇸🇪 سوئد: شاهدانه
 🇹🇷 ترکیه: شاهدانه
 🇺🇸 آمریکا: شاهدانه
 🇬🇧 انگلستان: شاهدانه
 🇻🇪 ونزوئلا: بنزودیازپین ها
 🇻🇳 ویتنام: هروئین

📨 @NEWS_FUNDA"
2023-07-06 16:51:00+00:00,"✍ صرافی های #ارزهای_دیجیتال در تکاپو! (یادآوری)

• ۱۵ ژوئیه - احراز هویت برای تمام کاربران کوکوین از تاریخ ۲۴ تیر اجباری می‌شود. جزییات بیشتر 

• ۱۷ ژوئیه - صرافی #بایننس هلند را ترک می کند و خدمات رسانی به مشتریان هلندی را متوقف می کند. آی پی هلند از تاریخ ۲۶ تیر دیگر قابل استفاده نخواهد بود.

محتواهایی که نباید از دست بدهید :

سیر تا پیاز صرافی BingX 
فدرال رزرو : تاریخ های حیاتی 

📨 @NEWS_FUNDA"
2023-07-06 16:30:15+00:00,"✍ صرافی ارزهای دیجیتال #Bitfinex اعلام کرد اخیرأ موفق به بازیابی ۳۱۵,۰۰۰ دلار از وجوه دزدیده شده است. این صرافی در سال ۲۰۱۶ هک شد. تقریباً ۱۲۰,۰۰۰ #بیت_کوین به سرقت رفت که در آن زمان حدود ۷۲ میلیون دلار ارزش داشت. با قیمت فعلی بازار، تقریباً ۳.۷ میلیارد دلار از دست رفته است.

📨 @NEWS_FUNDA"
2023-07-06 14:45:31+00:00,"📉‌ #بیت_کوین به زیر ۳۰ هزار دلار سقوط کرد...

📨 @NEWS_FUNDA"
2023-07-06 14:43:18+00:00,"📉 با کاهش اخیر #بیت_کوین در ۴ ساعت گذشته ۶۷ میلیون دلار و ۹۵ درصد از پوزیشن‌های لانگ خرید #لیکوئید شدند.

📨 @NEWS_FUNDA"
2023-07-06 13:54:42+00:00,"✍ تحلیلگر/ #kk :

📊 تحلیل تتر به ریال
مهم ترین مقامت های تتر قیمت ۵۱،۰۰۰ تومان و ۵۳،۰۰۰ تومان است و در صورت تثبیت بالای آن ها احتمال این که قیمت دوباره زیر ۵۰،۰۰۰ تومان بیاید بسیار کم میشود. در صورتی که طی روز های آتی قیمت نتواند بالای ۵۱،۰۰۰ تومان تثبیت دهد شاهد کاهش قیمت شدیدتری خواهیم بود.

📨 @NEWS_FUNDA"
2023-07-06 13:15:26+00:00,"✍ گزارش اشتغال ADP ایالات متحده نشان داد که تعداد مشاغل بخش خصوصی ایالات متحده ۴۹۷,۰۰۰ نفر در ژوئن افزایش یافته است.

📝 این بیش از دو برابر انتظار بازار یعنی ۲۲۵,۰۰۰ بود که بسیار بیشتر از ۲۷۸,۰۰۰ نفر قبلی بود. این بزرگترین افزایش ماهانه از ژوئیه ۲۰۲۲ بود. پس از اعلام ADP، بازده اوراق قرضه خزانه داری ایالات متحده به شدت افزایش یافت و بازده اوراق قرضه دو ساله خزانه داری ایالات متحده که به نرخ های بهره حساس است.

📨 @NEWS_FUNDA"
2023-07-06 12:58:42+00:00,"✍ رقیب #اینستاگرام برای #توییتر، Threads، اکنون بیش از ۱۰ میلیون کاربر در ۷ ساعت پس از راه اندازی دارد. (فقط در آمریکا) مارک زاکبرگ می‌گوید انتظار دارد بیش از ۱ میلیارد کاربر فعال ماهانه در برنامه جدید خود داشته باشد.

📨 @NEWS_FUNDA"
2023-07-06 10:59:09+00:00,"✍ استخراج کنندگان #بیت_کوین همچنان سود خوبی را تجربه می‌کنند و فاصله بین قیمت نقدی فعلی و هزینه تخمینی تولید هر واحد بیت کوین بیش از ۸.۲ هزار دلار است.

⚫ قیمت نقدی: ۳۱.۱ هزار دلار
🟣 هزینه تخمینی تولید: ۲۲.۹ هزار دلار
🟢 فاصله قیمت نقدی و هزینه تولید: +۸.۲ هزار دلار

📨 @NEWS_FUNDA"
2023-07-06 09:54:56+00:00,"📊 مجموعه‌ای از رویدادهای مهم اقتصادی فردا ۱۶ تیر / 7 جولای 

📨 @NEWS_FUNDA"
2023-07-06 08:30:39+00:00,"📊 ارزهای دیجیتال مطرح (محبوب و پر بازدید) امروز :

#BTC
#TWT  
#APE 
#MATIC 
#SSV 
#SD 
#PEPE2.0 

📨 @NEWS_FUNDA"
2023-07-06 07:15:05+00:00,"📊 موجودی #بیت_کوین نگهداری شده در صرافی های ارز دیجیتال همچنان رو به کاهش است. اکنون فقط ۲.۲۶ میلیون واحد بیت کوین در صرافی ها باقی مانده است که پایین ترین مقدار از ماه مارس (فروردین) سال ۲۰۱۸ محسوب می‌شود (۱۹۳۹ روز پیش) است.

📨 @NEWS_FUNDA"
2023-07-06 07:00:42+00:00,"✍ بانک مرکزی هند در حال مذاکره با بیشتر از ۱۸ بانک مرکزی جهانی در خصوص پرداخت های فرامرزی با‌ CBDC (#ارز_دیجیتال_ملی) است. CBDC بردگی مالی است...

📨 @NEWS_FUNDA"
2023-07-06 06:45:03+00:00,"✍ یک نقطه عطف در حساب های کیف پول کاربران 1inch به ثبت رسید!

📝 تعداد حساب‌های منحصر به‌ فردی که از کیف پول #1inch استفاده می‌کنند در ماهی که گذشت (ژوئن) از مرز ۱ میلیون عبور کرد و از اوج قبلی خود در سال ۲۰۲۱ پیشی گرفت.

📨 @NEWS_FUNDA"
2023-07-06 06:30:30+00:00,"🚨 شاخص #ترس_و_طمع #بیت_کوین
🕙 پنجشنبه ۱۵ تیر - 6 جولای 
 
🗓 امروز: 56
🗓 دیروز: 61
🗓 هفته پیش: 54
🗓 ماه پیش: 44

📨 @NEWS_FUNDA"
2023-07-06 06:29:01+00:00,
2023-07-05 20:29:29+00:00,"✍ مدیر شرکت دارایی ۹ تریلیون دلاری #BlackRock : رمزارزها «طلای دیجیتال» و #بیت_کوین یک دارایی بین المللی است.

🟢 فاندای مثبت

📨 @NEWS_FUNDA"
2023-07-05 20:29:01+00:00,"✍ سرگذشت معامله‌گر و خرید در کف قیمتی به روایت تصاویر...

#طنز 

📨 @NEWS_FUNDA"
2023-07-05 20:08:49+00:00,"🏆 معتبرترین کانال VIP سیگنال دهی 

🔹 حداقل سود ماهانه : ٪۲۰۰+
🔹 میانگین Winrate ماهانه : ٪۷۰+
🔹 تعداد سیگنال های ماهانه : ۲۰ الی ۴۰ سیگنال

✅ مدیریت سرمایه اختصاصی
✅ پشتیبانی آنلاین
✅ مشاوره رایگان
✅ ارسال آموزش های رایگان مورد نیاز
✅ سیگنال از بازار ارز دیجیتال
✅ سیگنال اسپات و فیوچرز

❤️ کافیست یک ماه همراه ما باشید
📊 رزومه کامل سیگنال های ماه قبل

آدرس ادمین جهت تهیه اشتراک:
👩‍💻 @KSA_ADMIN
رزومه کانال سیگنال پلاس:
🎯 @SignalPlus_CV"
2023-07-05 18:30:03+00:00,"✍ طبق گزارش‌ها متقاضیان صندوق قابل معامله بورسی #بیت_کوین هفته آینده با (SEC) کمیسیون بورس و اوراق بهادار ایالات متحده جلسه‌ای خواهند داشت.

📨 @NEWS_FUNDA"
2023-07-05 17:56:13+00:00,"✍ فدرال رزرو، رکود، تورم، نرخ‌ بهره!

• فدرال رزرو : متاسفانه تورم اصلی (هسته) از ابتدای سال کاهش ثابتی را نشان نداده است.

• فدرال رزرو : تقریباً همه مقامات انتظار افزایش بیشتر نرخ (نرخ‌ بهره) در سال ۲۰۲۳ را داشته و دارند.

• فدرال رزرو : تقریباً همه مقامات اعلام کرده‌اند که افزایش نرخ بهره در جلسه ماه سپتامبر (۲۹شهریور) حرکت مناسبی خواهد بود.

📌 این چرخه (امسال) حداقل دو بار دیگر شاهد افزایش نرخ بهره خواهد بود. تاریخ های مهم از فدرال رزرو که باید به یاد داشته باشید :

• ۴ مرداد 
• ۲۹ شهریور
• ۱۰ آبان
• ۲۲ آذر

📨 @NEWS_FUNDA"
2023-07-05 17:42:22+00:00,"📊 نگاهی اجمالی به تمامی پرونده‌های صندوق های قابل معامله بورسی نقدی #بیت‌_کوین که مجددا برای (SEC) کمیسیون بورس و اوراق بهادار ایالات متحده ارسال شده‌اند. توپ در زمین SEC است...

📨 @NEWS_FUNDA"
2023-07-05 17:35:01+00:00,"✍ #توییتر به تازگی اولین مجوز انتقال (درگاه پرداخت) پول خود را دریافت کرده است. #ایلان_ماسک برای پایان دادن به روش سنتی بانک ها آماده می‌شود؟

🟢 فاندای مثبت

📨 @NEWS_FUNDA"
2023-07-05 17:30:12+00:00,"✍ تحلیلگر / #اش :

موقعیت فعلی خود (هولد) از #آلت_کوین هایم را تا سال ۲۰۲۴ - ۲۰۲۵ حفظ خواهم کرد.

📨 @NEWS_FUNDA"
2023-07-05 16:49:38+00:00,"📊 #منهای_کریپتو :‌ چند درصد از جمعیت میلیونر هستند؟ (درصد جمعیت بزرگسال)

سوئیس 🇨🇭 - 15.5٪
هنگ کنگ 🇭🇰 - 15.3٪
کویت 🇰🇼 - 15٪
سنگاپور 🇸🇬 - 12.7٪
استرالیا 🇦🇺 - 11.2٪
ایالات متحده آمریکا 🇺🇸 - 9.7٪
نیوزیلند 🇳🇿 - 9.6٪
هلند 🇳🇱 - 8.5٪
دانمارک 🇩🇰 - 8.5٪
کانادا 🇨🇦 - 7.6٪
سوئد 🇸🇪 - 7.3٪
بلژیک 🇧🇪 - 6.5٪
اسپانیا 🇪🇸 - 5.9٪
فرانسه 🇫🇷 - 5.6٪
بریتانیا 🇬🇧 - 5.4٪
ایرلند 🇮🇪 - 4.8٪
تایوان 🇹🇼 - 4.4٪
آلمان 🇩🇪 - 3.9٪
اسرائیل 🇮🇱 - 3.6٪
ژاپن 🇯🇵 - 3.2٪
کره جنوبی 🇰🇷 - 3.0٪
قطر 🇶🇦 - 3.0٪
ایتالیا 🇮🇹 - 2.8٪
پرتغال 🇵🇹 - 1.7٪
چین 🇨🇳 - 0.6٪
مکزیک 🇲🇽 - 0.4٪
روسیه 🇷🇺 - 0.3٪
هند 🇮🇳 - 0.1٪
برزیل 🇧🇷 - 0.1٪
اندونزی 🇮🇩 - 0.1٪
آفریقای جنوبی 🇿🇦 - 0.1٪
ترکیه 🇹🇷 - 0.1٪
کلمبیا 🇨🇴 - 0.1٪
ایران 🇮🇷 ***؟

📨 @NEWS_FUNDA"
2023-07-05 16:15:36+00:00,"✍‌ میم کوین Rich Quack :

صرافی #Hotbit تازگی RUGPULL / کلاهبرداری را روی ارزهای دیجیتال اجرا کرده است. متأسفانه، باید بگوییم RichQuack نیز قربانی این ماجرا است. هات بیت تقریباً ۲۵۶ تریلیون توکن QUACK متعلق به دارندگان QUACK را در #PancakeSwap فروخته است. علاوه بر این، موجودی خود ما در حدود ۱۰۰ هزار دلار USDT و QUACK در صرافی از بین رفته است. این موضوع #BabyDoge و #Dogelon را نیز تحت تاثیر قرار داده است.

📨 @NEWS_FUNDA"
2023-07-05 14:27:47+00:00,"✍ شرکت Valkyrie از ارائه دهندگان صندوق قابل معامله بورسی (ETF) #بیت_کوین درخواست خود را مجدداً ثبت نمود.

🟢 فاندای مثبت

📨 @NEWS_FUNDA"
2023-07-05 12:40:49+00:00,"👨‍🏫 تحلیلگر / #kk :

شاهد این هستیم که موج های صعودی در حال ضعیف شدن هستند، به این معنی است که قدرت خریداران نسبت به فروشنده ها درحال کاهش است.
من فکر میکنم از ۳۵،۰۰۰ دلار، دیگر شاهد شروع اصلاح قیمتی باشیم...

📊 @Analysis_Bitcoin"
2023-07-05 12:13:39+00:00,"✍ بر اساس نظرسنجی CNBC، اکثر سرمایه گذاران معتقدند در سال ۲۰۲۳ رکودی وجود نخواهد داشت...

📨 @NEWS_FUNDA"
2023-07-05 11:30:11+00:00,"✍ زمانی که صرافی #بایننس دو پروژه مرتبط با LSD-Fi را فهرست می کند، LSD-Fi مورد توجه قرار می گیرد!
 
📝 ارزش کلی LSDfi در سال ۲۰۲۳ تقریباً ۶۰۰٪ افزایش یافته است، اما هنوز فضا برای کاوش وجود دارد. به همین بهانه بیایید نیم نگاهی به جدیدترین پروژه‌های #LSDfi داشته باشیم...

📨 @NEWS_FUNDA"
2023-07-05 09:52:27+00:00,"🚨 در ۲۴ ساعت گذشته بیش از ۷۴٪ از پوزیشن های خرید (Long) #لیکوئید شد.

🔻 ۲۴,۱۳۸ معامله‌ گر لیکوئید شدند
🔻 میزان کل لیکوئیدی، ۴۸ میلیون دلار
🔻 بیشترین حجم لیکوئیدی، بیت کوین با ۸ میلیون دلار

📨 @NEWS_FUNDA"
2023-07-05 09:34:06+00:00,"📊 نرخ تورم سالانه در #ترکیه ۳۸.۲۱ درصد اعلام شد.

• مورد انتظار ۳۹.۴۷%
• قبلی ۳۹.۵۹%

📨 @NEWS_FUNDA"
2023-07-05 09:28:08+00:00,"📊 دارندگان «میگو» بیت کوین (دارای یک واحد بیت کوین) با نرخ ۳۳.۸ هزار واحد #بیت_کوین در ماه انباشت می‌کنند. به ازای هر یک واحد جدید، میگو ۱.۲۵ واحد را از بازار خارج می کند. خرچنگ ها نیز (دارای ۱ تا ۱۰ واحد بیت کوین) ۲۲.۴ هزار واحد بیت کوین در ماه انباشت می‌کنند.

📨 @NEWS_FUNDA"
2023-07-05 08:46:39+00:00,"📊 مجموعه‌ای از رویدادهای مهم اقتصادی فردا ۱۵ تیر / 6 جولای 

📨 @NEWS_FUNDA"
2023-07-05 08:30:56+00:00,"📊 ارزهای دیجیتال مطرح (محبوب و پر بازدید) امروز :

#BTC
#MATIC 
#APE 
#CRV 
#BIT 
#PNB 
#PENDLE 
#FUN 

📨 @NEWS_FUNDA"
2023-07-05 06:30:01+00:00,"🚨 شاخص #ترس_و_طمع #بیت_کوین
🕙 چهارشنبه ۱۴ تیر - 5 جولای 
 
🗓 امروز: 61
🗓 دیروز: 64
🗓 هفته پیش: 62
🗓 ماه پیش: 53

📨 @NEWS_FUNDA"
2023-07-05 06:29:01+00:00,
2023-07-04 23:22:51+00:00,"🎥 آموزش کامل قسمت اسپات و فیوچرز صرافی بینگ اکس (جدید)

📥 حجم ویدیو کمی بالاست اما تمام نکات و قسمت های مختلف ریز به ریز آموزش داده شده 

✅ مواردی که در این ویدیو آموزش داده شده:
۱. اسپات (بازار)
۲. اسپات (سفارش لیمیت)
۳. اسپات (فعال سازی)
۴. مفهوم لانگ، شورت و اهرم در فیوچرز
۵. تفاوت کراس و ایزوله در فیوچرز
۶. آموزش حد سود و حد ضرر در فیوچرز
۷. فیوچرز پرپچوال (بازار)
۸. فیوچرز پرپچوال (سفارش لیمیت)
۹. فیوچرز پرپچوال (فعال سازی)
۱۰. فیوچرز پرپچوال (حد ضرر متحرک)
۱۱. فیوچرز پرپچوال (فقط ارسال کنید)
۱۲. فیوچرز پرپچوال (تعیین چند حد سود و حد ضرر)
۱۳. فیوچرز پرپچوال (سیو سود)
۱۴. فیوچرز پرپچوال (حد سود/حد ضرر متحرک)
۱۵. فیوچرز پرپچوال (افزایش و کاهش حجم معامله)
۱۶. فیوچرز استاندارد (بازار)
۱۷. فیوچرز استاندارد (فعال سازی)
۱۸. آموزش استفاده از بونوس ها
۱۹. فیوچرز استاندارد (هشدار قیمت)
۲۰. تبدیل دارایی های کوچک به تتر

❤️ حتما تا آخر مشاهده کرده و برای همه ارسال کنید

🔗 لینک ثبت نام در صرافی BingX با 45% تخفیف معاملاتی:
https://bingx.com/partner/KSATEAM"
2023-07-04 20:29:01+00:00,"✍ #پلن_بی / تحلیلگر :

#بیت_کوین قوی و قوی تر می شود (RSI ۵۲.۸)

📨 @NEWS_FUNDA"
2023-07-04 18:41:35+00:00,"🔥 مجموعه‌ای از رمزارزهایی که در ۲۴ ساعت گذشته #توکن_سوزی داشته‌اند.

📨 @NEWS_FUNDA"
2023-07-04 17:31:52+00:00,"🔥 رمزارز #SKUY در تاریخ ۱۶ تیر رویداد #توکن_سوزی خواهد داشت.

🟢 فاندای مثبت

📨 @NEWS_FUNDA"
2023-07-04 16:30:35+00:00,"📊 #منهای_کریپتو :‌ مصرف سرانه چای (سالانه) بر اساس کشورها :

🇹🇷 ترکیه - 3.16 کیلوگرم
🇮🇪 ایرلند - 2.19 کیلوگرم
🇬🇧 انگلستان - 1.94 کیلوگرم
🇵🇰 پاکستان - 1.50 کیلوگرم
🇮🇷 ایران - 1.50 کیلوگرم
🇷🇺 روسیه - 1.38 کیلوگرم
🇲🇦 مراکش - 1.22 کیلوگرم
🇪🇬 مصر - 1.01 کیلوگرم
🇵🇱 لهستان - 1.00 کیلوگرم
🇯🇵 ژاپن - 0.97 کیلوگرم
🇸🇦 عربستان سعودی - 0.90 کیلوگرم
🇿🇦 آفریقای جنوبی - 0.81 کیلوگرم
🇳🇱 هلند - 0.78 کیلوگرم
🇦🇺 استرالیا - 0.75 کیلوگرم
🇦🇪 امارات - 0.78 کیلوگرم
🇩🇪 آلمان - 0.69 کیلوگرم
🇨🇳 چین - 0.57 کیلوگرم
🇨🇦 کانادا - 0.51 کیلوگرم
🇮🇩 اندونزی - 0.46 کیلوگرم
🇮🇳 هند - 0.32 کیلوگرم
🇸🇪 سوئد - 0.29 کیلوگرم
🇳🇴 نروژ - 0.27 کیلوگرم
🇺🇸 آمریکا - 0.23 کیلوگرم
🇦🇷 آرژانتین - 0.21 کیلوگرم
🇫🇷 فرانسه - 0.20 کیلوگرم
🇧🇷 برزیل - 0.18 کیلوگرم
🇰🇷 کره جنوبی - 0.17 کیلوگرم
🇪🇸 اسپانیا - 0.15 کیلوگرم
🇮🇹 ایتالیا - 0.14 کیلوگرم
🇲🇽 مکزیک - 0.14 کیلوگرم

📨 @NEWS_FUNDA"
2023-07-04 14:41:05+00:00,"📊 بهای #بیت_کوین در چنین روزی (۱۳ تیر) از ابتدا تاکنون 

2023: $31,051
2022: $19,750
2021: $34,973
2020: $9,084
2019: $11,764
2018: $6,579
2017: $2,598
2016: $670
2015: $257
2014: $637
2013: $77
2012: $7
2011: $15
2010: $0.01
2009: $0

📨 @NEWS_FUNDA"
2023-07-04 12:34:51+00:00,"🚨 مجموعه‌ای از برترین #میم_کوین ها بر اساس احساسات صعودی جامعه، طرفداران، و فعالیت اجتماعی رسانه‌ای در ۲۴ ساعت گذشته 

📨 @NEWS_FUNDA"
2023-07-04 10:10:15+00:00,"📊 بهای #بیت_کوین در آغاز هر دوره #هاوینگ - تاریخ وقوع هاوینگ بعدی ""۸ اردیبهشت سال ۱۴۰۳"" بصورت تقریبی

• ۱۲ دلار - ۱۱/۲۸/۲۰۱۲
• ۶۴۸ دلار - ۷/۹/۲۰۱۶
• ۸,۵۷۲ دلار - ۵/۱۱/۲۰۲۰
• ***؟ - آوریل ۲۰۲۴

📨 @NEWS_FUNDA"
2023-07-04 08:47:15+00:00,"✍ بنیاد #TON ویژگی پیام رسانی رمزگذاری شده را در شبکه خود راه اندازی کرد! 

📝 این ویژگی جدید امکان ارسال پیام‌های خصوصی درون زنجیره‌ای بین کاربران TON را فراهم می‌کند. پیام‌ها تنها توسط گیرنده قابل خواندن خواهند بود و قابلیت شخصی‌ سازی آن نیز وجود خواهد داشت. 

🟢 فاندای مثبت

📨 @NEWS_FUNDA"
2023-07-04 08:30:30+00:00,"📊 مجموعه‌ای از رویدادهای مهم اقتصادی فردا ۱۴ تیر / 5 جولای 

📨 @NEWS_FUNDA"
2023-07-04 08:00:01+00:00,"📊 ارزهای دیجیتال مطرح (محبوب و پر بازدید) امروز :

#BTC
#PENDLE 
#PEPE 
#XVG 
#SILO 
#BIT 
#MATIC 
#PNB 

📨 @NEWS_FUNDA"
2023-07-04 07:34:03+00:00,"✍ قانون‌ گذاران سنگاپوری صرافی های ارزهای دیجیتال را از اعطای وام و خدمات سهام به سرمایه گذاران خرد منع کردند.

🔴 فاندای منفی

📨 @NEWS_FUNDA"
2023-07-04 07:27:33+00:00,"✍ جایگزین و رقیب #توییتر شرکت متا ""Threads"" پنجشنبه در ایالات متحده و جمعه در کل جهان در دسترس خواهد بود.

📨 @NEWS_FUNDA"
2023-07-04 07:19:10+00:00,"📊 فدرال رزرو به احتمال ۹۰ درصد نرخ‌ بهره را ۰.۲۵ درصد در جلسه ۴ مرداد خود افزایش خواهد داد.

📨 @NEWS_FUNDA"
2023-07-04 07:12:46+00:00,"✍ ثروتمندان، ثروتمندتر از هر زمان دیگری...

📝 ۵۰۰ نفر از ثروتمندترین افراد جهان در نیمه اول سال ۲۰۲۳، ۸۵۲ میلیارد دلار به ثروت خود اضافه کردند. هر عضو شاخص میلیاردرهای #بلومبرگ در شش ماه گذشته به طور متوسط روزانه ۱۴ میلیون دلار درآمد داشته است.

📨 @NEWS_FUNDA"
2023-07-04 06:30:01+00:00,"🚨 شاخص #ترس_و_طمع #بیت_کوین
🕙 سه‌شنبه ۱۳ تیر - 4 جولای 
 
🗓 امروز: 64
🗓 دیروز: 62
🗓 هفته پیش: 59
🗓 ماه پیش: 52

📨 @NEWS_FUNDA"
2023-07-04 06:29:01+00:00,
2023-07-03 20:29:01+00:00,"🚨 ۱۰ #پروژه_امیدوارکننده، با حجم بازار کمتر از ۱۰۰ میلیون دلار

📨 @NEWS_FUNDA"
2023-07-03 19:29:25+00:00,"✈️ دیگه بابت VPN دغدغه نداشته باش 😍😍

⭐️ ویژگی های Decentral VPN :
✅ آی پی ثابت
✅ مناسب برای گیم (پینگ حداقلی)
✅ مخصوص ترید (بدون درز آی پی) 
✅ وبگردی بسیار آسان
✅ سرعت بالا در تمام اپراتورها
✅ امنیت حداکثری
✅ نصب روی تمامی دستگاه ها 

🧪 تست رایگان قبل از پرداخت 
🔰 ضمانت کیفیت و کارکرد تا پایان اشتراک
♻️ ضمانت بازگشت وجه تا ۷۲ ساعت (سه روز کامل)

💳 مشاهده تعرفه ها

👤 برای تهیه VPN به آیدی زیر پیام دهید:
@decentral_VPN_Admin"
2023-07-03 18:06:15+00:00,"✍ غول تریلیون دلاری #BlackRock دوباره برای صندوق قابل معامله بورسی #بیت_کوین درخواست می‌دهد...

🟢 فاندای مثبت

📨 @NEWS_FUNDA"
2023-07-03 17:20:07+00:00,"✍ انتظار می‌رود صندوق قابل معامله بورسی (اسپات) نقدی #بیت_کوین شرکت مدیریت دارایی ۶۴۶ میلیارد دلاری AB's Bernstein در ادامه توسط کمیسیون بورس و اوراق بهادار تایید شود‌.

🟢 فاندای مثبت

📨 @NEWS_FUNDA"
2023-07-03 16:30:18+00:00,"✍ جاستین بیبر خواننده و آهنگساز کانادایی این #توکن_غیرمثلی (Bored Ape) را در ژانویه سال گذشته (بهمن) به قیمت ۶۵,۸۹۳,۰۰۰,۰۰۰ تومان خریداری کرد. امروز ارزش این توکن فقط ۲,۹۷۲,۰۰۰,۰۰۰ تومان است.

📨 @NEWS_FUNDA"
2023-07-03 15:36:07+00:00,"📈 #بیت_کوین ۳۱,۰۰۰ دلار

📨 @NEWS_FUNDA"
2023-07-03 15:33:41+00:00,"🚨 ۲۰ ارز برتر بازار ارزهای دیجیتال با بیشترین فعالیت رسانه‌ای در #توییتر (ماه ژوئن ۲۰۲۳)

📨 @NEWS_FUNDA"
2023-07-03 15:20:17+00:00,"📊 #منهای_کریپتو :‌ تعداد تعطیلات رسمی سالانه بر اساس کشورها :

🇳🇵 نپال: 35
🇲🇲 میانمار: 32
🇮🇷 ایران: 26
🇱🇰 سریلانکا: 25
🇧🇩 بنگلادش: 22
🇪🇬 مصر: 22
🇮🇳 هند: 21
🇦🇷 آرژانتین: 19
🇱🇧 لبنان: 19
🇮🇩 اندونزی: 16
🇯🇵 ژاپن: 16
🇵🇰 پاکستان: 16
🇹🇭 تایلند: 16
🇳🇴 نروژ: 14
🇰🇷 کره جنوبی: 14
🇹🇷 ترکیه: 14
🇵🇱 لهستان: 13
🇪🇸 اسپانیا: 13
🇮🇹 ایتالیا: 12
🇸🇪 سوئد: 12
🇺🇦 اوکراین: 12
🇨🇳 چین: 11
🇫🇷 فرانسه: 11
🇳🇱 هلند: 11
🇷🇺 روسیه: 11
🇿🇦 آفریقای جنوبی: 11
🇺🇸 ایالات متحده آمریکا: 11
🇦🇺 استرالیا: 10-13
🇩🇪 آلمان: 10-13
🇨🇦 کانادا: 10-13
🇧🇪 بلژیک: 10
🇧🇷 برزیل: 9-12
🇬🇧 انگلستان: 8-10
🇲🇽 مکزیک: 8

📨 @NEWS_FUNDA"
2023-07-03 13:42:08+00:00,"🚨 مجموعه‌ای از برترین #میم_کوین های بازار ارزهای دیجیتال بر اساس احساسات صعودی جامعه، طرفداران، و فعالیت اجتماعی رسانه‌ای

📨 @NEWS_FUNDA"
2023-07-03 12:20:07+00:00,"✍ در دوره بازار صعودی بعدی #بیت_کوین، محدوده قیمت بین ۱۲۸ تا ۳۹۸ هزار دلار خواهد بود.

📝 اکنون شرکت‌هایی با دارایی بیش از ۲۷ تریلیون دلار قصد دارند با صندوق قابل معامله بورسی وارد بازار شوند اگر ۵ درصد سرمایه آنها وارد بیت کوین شود چه کاری می‌تواند با قیمت انجام دهد؟ طبق محاسبات من و داده‌های درون زنجیره‌ای حدود ۳۱۰ هزار دلار برای هر واحد بیت کوین - تحلیلگر/#ویلی_وو


📨 @NEWS_FUNDA"
2023-07-03 11:24:45+00:00,"✍ #بایننس از فردا، فارمینگ رمزارز PENDLE را در بخش بایننس لانچپول خود ارائه خواهد کرد. کاربران می‌توانند #BNB و #TUSD خود را در استخرهای جداگانه قرار دهند تا توکن‌های PENDLE را در مدت ۲۵ روز پرورش و دارایی‌های خود را افزایش دهند. ۲٪ (۵ میلیون PENDLE) از کل عرضه توکن در این پلتفرم ارائه می شود.

📨 @NEWS_FUNDA"
2023-07-03 11:05:31+00:00,"🚨 کمیسیون بورس و اوراق بهادار #تایلند استفاده از ارزهای دیجیتال را برای وام دادن و سپرده گذاری ممنوع می کند.

🔴 فاندای منفی

📨 @NEWS_FUNDA"
2023-07-03 10:39:01+00:00,"📊 محصولات سرمایه‌ گذاری دارایی‌های دیجیتال این هفته نیز مانند هفته گذشته ورود سرمایه را تجربه کردند. مجموعاً ۱۲۵ میلیون دلار به ثبت رسید. مجموعا در دو هفته گذشته ۳۳۴ میلیون دلار دارایی‌های دیجیتال ورودی داشته‌اند.

📨 @NEWS_FUNDA"
2023-07-03 10:22:39+00:00,"📊 بررسی وضعیت #بیت‌_کوین - عرضه کاهش میابد و سرمایه‌ گذاران نهادی انباشت می‌کنند.

• بزرگترین کاهش ورودی و عرضه بیت کوین در تاریخ _ از مارس ۲۰۲۰، ذخایر بیت کوین در صرافی ها بیش از ۳۰ درصد کاهش یافته است.

• روند انباشت صندوق های نهادی بیت کوین _ نظارت بر دارایی های صندوق های نهادی نه تنها درک احساسات بازار بهتر می‌کند، بلکه اعتماد سرمایه گذاران نهادی به بیت کوین را به عنوان یک دارایی بلند مدت برجسته می کند.

📨 @NEWS_FUNDA"
2023-07-03 08:31:01+00:00,"📊 ارزهای دیجیتال مطرح (محبوب و پر بازدید) امروز :

#BTC
#MATIC 
#APE 
#CRV 
#BIT 
#PEPE 
#ARB 
#MAV 

📨 @NEWS_FUNDA"
2023-07-03 07:30:09+00:00,"📊 رویدادهای مهم اقتصادی فردا ۱۳ تیر / 4 جولای 

📨 @NEWS_FUNDA"
2023-07-03 06:30:26+00:00,"🚨 شاخص #ترس_و_طمع #بیت_کوین
🕙 دوشنبه ۱۲ تیر - 3 جولای 
 
🗓 امروز: 62
🗓 دیروز: 63
🗓 هفته پیش: 55
🗓 ماه پیش: 53

📨 @NEWS_FUNDA"
2023-07-03 06:29:01+00:00,
2023-07-02 20:29:01+00:00,"✍ تعدادی از رویدادهای بازار ارزهای دیجیتال که در روزهای آینده به وقوع خواهند پیوست:

۱۲ تیر، توکن سوزی رمزارز #Azbit
۱۳ تیر، هاوینگ رمزارز #ROD
۱۴ تیر، بروزرسانی شبکه اصلی #ZIL
۱۴ تیر، بروزرسانی بخش استیکینگ #FLOW
۱۴ تیر، راه‌اندازی شبکه آرمایشی به صورت عمومی #Dydx
۱۴ تیر، هارد فورک رمزارز #dash

📨 @NEWS_FUNDA"
2023-07-02 19:30:16+00:00,"✈️ دیگه بابت VPN دغدغه نداشته باش 😍😍

⭐️ ویژگی های Decentral VPN :
✅ آی پی ثابت
✅ مناسب برای گیم (پینگ حداقلی)
✅ مخصوص ترید (بدون درز آی پی) 
✅ وبگردی بسیار آسان
✅ سرعت بالا در تمام اپراتورها
✅ امنیت حداکثری
✅ نصب روی تمامی دستگاه ها 

🧪 تست رایگان قبل از پرداخت 
🔰 ضمانت کیفیت و کارکرد تا پایان اشتراک
♻️ ضمانت بازگشت وجه تا ۷۲ ساعت (سه روز کامل)

💳 مشاهده تعرفه ها

👤 برای تهیه VPN به آیدی زیر پیام دهید:
@decentral_VPN_Admin"
2023-07-02 16:30:05+00:00,"📊 #منهای_کریپتو :‌ گوشی های هوشمند جایگزین چه چیزهایی شدند؟

تلویزیون
دوربین
نقشه
دستگاه جی پی اس
ماشین حساب
ساعت زنگدار
رادیو
دوربین فیلمبرداری
بانک 
روزنامه
تقویم
چراغ قوه
تایمر
قطب نما
پست الکترونیکی
کتاب های آشپزی
بلیط های هواپیمایی
آلبوم های عکس
مجلات
پول
ضبط کننده صدا
اسکنرها
بیسیم
ریموت تلویزیون
مترجم
دفترچه یادداشت
کتاب های راهنمای سفر
عبارات خارجی
بلندگوهای قابل حمل
تاکسی‌های تلفنی
سی دی ها
دی وی دی ها
دایره المعارف ها
دستگاه های فتوکپی
آینه های جمع و جور
چک ها
دفترچه آدرس
فرهنگ لغت
آدم‌ها
و...؟

📨 @NEWS_FUNDA"
2023-07-02 15:57:36+00:00,"🚨 پلیس فتا هشدار می‌دهد...

📨 @NEWS_FUNDA"
2023-07-02 15:22:14+00:00,"✍ به نظر می رسد مؤسسات بورس کالای شیکاگو بسیار صعودی هستند و تقریباً همه پوزیشن های شورت خرید را بسته‌اند و پوزیشن های لانگ خرید شان را ۱۶٪ افزایش داده‌اند.

📨 @NEWS_FUNDA"
2023-07-02 14:46:57+00:00,"📊 رویدادهای مهم اقتصادی فردا ۱۲ تیر / 3 جولای 

📨 @NEWS_FUNDA"
2023-07-02 12:17:37+00:00,"✍ مجتبی توانگر، رئیس کمیته اقتصاد دیجیتال مجلس با انتشار تصاویر فوق نوشت :

کمیته اقتصاد دیجیتال ‎مجلس، گزارشی از ‎ریال دیجیتال ارایه کرد:

بانک مرکزی برای اجرای ریال دیجیتال مجوزهای لازم را دریافت کرده و مانع قانونی برای آن ندارد.

بانک مرکزی برای رفع اشکالات فنی و محتوایی برای امکان‌ سنجی استفاده از پول دیجیتال باید مطالعات بیشتر کارشناسی داشته باشد.

برخی بانک‌های مرکزی دنیا بدلیل دانش ناکافی، تصور می‌کنند اقتدارشان با رمزارزها کاهش پیدا و لذا مخالفت جدی داشته‌اند برهمین اساس، نبایستی استفاده از ابزار ریال دیجیتال درکشورمان موجب آن شود که بانک مرکزی، بیش از گذشته مانع رشد ورگولاتوری ‎رمزارزها شود.

📨 @NEWS_FUNDA"
2023-07-02 12:10:20+00:00,"✍ به گفته یک مقام ناشناس (هویت خود را فاش نکرده است) از کمیسیون بورس و اوراق بهادار (SEC) اعلام کرده است که گری گنسلر، رئیس SEC، پس از تحقیقات داخلی علیه خود درخواست استعفای خود را ارائه کرده است. این خبر هنوز تایید نشده است.

📨 @NEWS_FUNDA"
2023-07-02 12:02:02+00:00,"✍ صرافی #Bittrex که به تازگی اعلام ورشکستگی کرده است، در طی اعلامیه ای اکنون برخی از ارزهای دیجیتال را با کارمزد معاملاتی صفر ارائه می‌دهد ؛

#BTC #ETH #ADA #DOG #XRP

این صرافی به دلیل شکایت کمیسیون بورس و اوراق بهادار ایالات متحده قصد دارد از این کشور خارج شود.

📨 @NEWS_FUNDA"
2023-07-02 10:55:53+00:00,"🔥 طبق گزارش اخیر #BabyDoge این میم کوین موفق به توکن سوزی ۱۳۳ تریلیون واحد به ارزش تقریبی ۱۸۶,۰۰۰ دلار در زنجیره #بی_ان_بی شده است.

📨 @NEWS_FUNDA"
2023-07-02 10:10:46+00:00,"✍ تحلیلگر/ #رویکیک :

آرامش قبل از طوفان...

📨 @NEWS_FUNDA"
2023-07-02 09:31:35+00:00,"✍ در شبکه #کاردانو تا کنون ۱۳۱ پروژه راه اندازی شده است و در حال حاضر ۱۲۶۱ پروژه در شبکه آن در حال ساخت است. علاوه بر این، اخیراً یک نقطه عطف در تراکنش‌ها را با ۷۰ میلیون تراکنش ثبت کرده است.

📨 @NEWS_FUNDA"
2023-07-02 08:30:43+00:00,"📊 ارزهای دیجیتال مطرح (محبوب و پر بازدید) امروز :

#BTC
#APE 
#MATIC 
#ELG 
#DESO 
#AKT 
#INJ 
#ARB 

📨 @NEWS_FUNDA"
2023-07-02 08:05:18+00:00,"✍ پروژه Poly Network مشکوک به هک مجدد است. هکرها دارایی های عظیم دیگری را در چندین زنجیره پخش کرده‌اند...

📝‌ در سال ۲۰۲۱، Poly Network برای سرقت بیش از ۶۰۰ میلیون دلار هک شد و به بزرگترین سرقت در تاریخ #DeFi تبدیل شد و ظاهراً هکرها بعد از مدتی بازمی‌گردند. نقدینگی در Poly Network ناکافی است.

📨 @NEWS_FUNDA"
2023-07-02 07:54:23+00:00,"✍ برخی از رویدادهای اخیر جمع‌ آوری سرمایه استارت‌ آپ‌های #بلاکچین (پروژه های بلاکچینی - ژوئن ۲۰۲۳)

📨 @NEWS_FUNDA"
2023-07-02 06:30:01+00:00,"🚨 شاخص #ترس_و_طمع #بیت_کوین
🕙 یکشنبه ۱۱ تیر - 2 جولای 
 
🗓 امروز: 63
🗓 دیروز: 59
🗓 هفته پیش: 64
🗓 ماه پیش: 50

📨 @NEWS_FUNDA"
2023-07-02 06:29:01+00:00,
2023-07-01 20:29:01+00:00,"📊 #منهای_کریپتو :‌ نرخ رد ویزای ایالات متحده آمریکا، در سال ۲۰۲۲ :

🇲🇨موناکو → 0%
🇮🇱اسرائیل → 2%
🇦🇷آرژانتین → 4%
🇭🇰هنگ کنگ → 5%
🇯🇵ژاپن → 6%
🇲🇽مکزیک → 6%
🇮🇳هند → 7%
🇨🇿چک → 8%
🇵🇹پرتغال → 9%
🇿🇦آفریقای جنوبی → 10%
🇦🇪امارات متحده عربی → 10%
🇸🇬سنگاپور → 10%
🇪🇸اسپانیا → 11%
🇩🇪آلمان → 12%
🇫🇷فرانسه → 13%
🇦🇺استرالیا → 13%
🇶🇦قطر → 13%
🇸🇦عربستان → 14%
🇧🇷برزیل → 14%
🇬🇧بریتانیا → 16%
🇳🇱هلند → 17%
🇸🇪سوئد → 17%
🇰🇷کره جنوبی → 17%
🇹🇷ترکیه → 20%
🇪🇹اتیوپی → 25%
🇷🇺روسیه → 26%
🇨🇳چین → 30%
🇵🇰پاکستان → 31%
🇻🇪ونزوئلا → 34%
🇺🇦اوکراین → 41%
🇸🇾سوریه → 43%
🇮🇶عراق → 45%
🇦🇫افغانستان → 53%
🇮🇷ایران → 54%
🇷🇼روآندا → 63%
🇸🇴سومالی → 74%
🇲🇷موریتانی → 90%

📨 @NEWS_FUNDA"
2023-07-01 20:00:59+00:00,"🏆 اگر با سرمایه گذاری بلند مدت روی ارزهای دیجیتال دنبال سودآوری بالا و مطمئنی هستید، پکیج [ پروژه های آینده دار ] را تهیه کنید

🔷 در این پکیج بین تمامی ارزهای دیجیتال بازار، ۱۲۰ ارز دیجیتال آینده دار و مطمئن بعد از بررسی های طولانی گلچین شده است.

🔷 برای انتخاب شدن هرکدام از این ۱۲۰ ارز دیجیتال، وایت پیپر، رودمپ، هویت اعضا، تعداد سرمایه گذار بزرگ، حجم درآمد، فعال بودن تیم، امنیت و مقیاس پذیری مورد بررسی قرار گرفته است.

🌱 امروز بکارید، فردا برداشت کنید

برای اطلاعات بیشتر پیام دهید:
👩‍💻 @KSA_ADMIN
آدرس دیگر مجموعه های ما:
⚜ @Crypto_AKSA"
2023-07-01 17:42:34+00:00,"✍ #به_یاد_تاریخ : دقیقا ۹ سال پیش دولت آمریکا ۳۰,۰۰۰ #بیت_کوین را که در پرونده‌های مختلف ضبط کرده بود به این مرد فروخت، هر واحد بیت کوین فقط ۶۰۰ دلار...

«تیم درپر سرمایه‌ گذار میلیاردر دوستدار ارزهای دیجیتال»

📨 @NEWS_FUNDA"
2023-07-01 16:30:01+00:00,"🚨 مجموعه‌ای از برترین #ارزهای_دیجیتال بازار با بهترین عملکرد قیمتی در ماه ژوئن (ماهی که گذشت)

📨 @NEWS_FUNDA"
2023-07-01 15:11:16+00:00,"✍ بزرگترین ارائه دهنده خودپرداز‌های #بیت_کوین و ارز دیجیتال «Bitcoin Depot» از تاریخ ۱۲ تیر سهام اش در بازار بورس آمریکا فهرست خواهد شد.

🟢 فاندای مثبت

📨 @NEWS_FUNDA"
2023-07-01 14:59:49+00:00,"✍ پاتریک مک‌ هنری، نماینده کنگره آمریکا : تنها دلیل مخالفت گنسلر رئیس کمیسیون بورس و اوراق بهادار با صندوق قابل معامله بورسی #بیت‌_کوین این است که می‌خواهد این صنعت (ارزهای دیجیتال) را در ایالات متحده از بین برده و بکشد.

📨 @NEWS_FUNDA"
2023-07-01 14:10:24+00:00,"✍ «یی هه» یکی از قدرتمندترین زنان در حوزه ارزهای دیجیتال، هم بنیانگذار صرافی #بایننس و همسر #ژائو مدیر عامل صرافی بایننس :

اقدامات کمیسیون بورس و اوراق بهادار ایالات متحده کاملا نادرست است. آنها اگر واقعاً برای درک صنعت ما وقت می‌گذاشتند این‌ گونه عمل نمی‌کردند، اگر فعالیت صرافی بایننس غیر قانونی است، پس عملاً هیچ پلتفرم و صرافی ارز دیجیتالی در جهان مجوز ندارد و همه در این حوزه فعالیتی غیرقانونی دارند.

📨 @NEWS_FUNDA"
2023-07-01 11:23:43+00:00,"🚨 آزاد‌سازی برتر توکن این هفته...

🔴 آزاد سازی توکن در حجم های بالا می‌تواند باعث کاهش قیمت و یا در بلند مدت مانع از رشد قیمتی شود‌. 

📨 @NEWS_FUNDA"
2023-07-01 10:17:36+00:00,"✍ طبق گزارش‌ها مردم در فرانسه پاسگاه های پلیس و اسلحه خانه ها را غارت می کنند!

📝 پوگروم ها در حال تشدید هستند. بیش از ۱۰۰ شهر تحت تأثیر این خشونت‌ها قرار گرفته‌ است. مهاجران به هشت ایستگاه پلیس و چهار انبار اسلحه در مارسی، لیون، روسی-آن-بری، بوون-آن-فرانس و آلس دستبرد زدند. در شهر Les Julies، شاهد یک انفجار بودیم. همچنین صدای شلیک سلاح های خودکار و اتوماتیک در لیون شنیده شده است.

📨 @NEWS_FUNDA"
2023-07-01 09:59:03+00:00,"📊 ارزهای دیجیتال مطرح (محبوب و پر بازدید) امروز :

#BTC
#MATIC 
#APE 
#SYN 
#GMX 
#ARB 
#PXP 
#LTC 

📨 @NEWS_FUNDA"
2023-07-01 07:38:39+00:00,"✍ فروش #توکن‌های_غیرمثلی (NFT) بر بستر شبکه #سولانا (در ۲۴ ساعته گذشته) برای اولین بار در تاریخ از #اتریوم بیشتر شد...

📨 @NEWS_FUNDA"
2023-07-01 07:17:12+00:00,"✍ بروزرسانی‌ : شرکت‌های تریلیون/میلیارد دلاری

#Fidelity #WisdomTree #VanEck #Invesco #Galaxy #ARK 

مجدداً فایل‌ها و برنامه‌های صندوق قابل معامله بورسی #بیت‌_کوین خود را با نام صرافی #Coinbase پس از اظهارات کمیسیون بورس و اوراق بهادار ایالات متحده ثبت کردند.

🟢 فاندای مثبت

📨 @NEWS_FUNDA"
2023-07-01 07:08:08+00:00,"✍ سازمان خدمات درآمدهای داخلی آمریکا اخیرا به صرافی #Kraken دستور داده است که اطلاعات مربوط به کاربران خود را برای این سرویس ارسال کند.

📝 هدف سازمان امور مالیاتی این است تا حساب‌هایی را شناسایی کند که در بازه زمانی ۲۰۱۶ تا ۲۰۲۰، حداقل ۲۰ هزار دلار معاملات سالانه داشته‌اند. این اطلاعات شامل نام کاربر (و هر نام مستعار)، تاریخ تولد، شماره شناسایی مالیات دهنده، آدرس های بلاکچین و هش تراکنش، آدرس، شماره تلفن، آدرس ایمیل و انبوهی از اسناد دیگر...

🔴 فاندای منفی

📨 @NEWS_FUNDA"
2023-07-01 06:58:06+00:00,"🤝 صرافی ارزهای دیجیتال #OKX در راستای توسعه و گسترش فعالیت‌های خود اینبار با باشگاه فوتبال منچستر سیتی وارد همکاری استراتژیک شد.

🟢 فاندای مثبت

📨 @NEWS_FUNDA"
2023-07-01 06:54:51+00:00,"🚨 دقایقی پیش ۲۱,۶۸۳ واحد #بیت_کوین به ارزش ۶۵۹ میلیون دلار در دو تراکنش از صرافی برجسته آمریکایی #Coinbase خارج به و کیف پول ناشناس جدیدی منتقل شد.

📨 @NEWS_FUNDA"
2023-07-01 06:30:01+00:00,"🚨 شاخص #ترس_و_طمع #بیت_کوین
🕙 شنبه ۱۰ تیر - 1 جولای 
 
🗓 امروز: 59
🗓 دیروز: 56
🗓 هفته پیش: 62
🗓 ماه پیش: 52

📨 @NEWS_FUNDA"
2023-07-01 06:29:01+00:00,
2023-06-30 20:29:01+00:00,"✍ #آقای_نهنگ :

در حالی که همه مدعی بودند صندوق قابل معامله بورسی #بیت_کوین تریلیون ها دلار سرمایه وارد بیت کوین خواهد کرد… آقای نهنگ بار دیگر یکی از معدود کسانی بود بی تعارف به موضوع نگاه کرد. کمیسیون بورس و اوراق بهادار ایالات متحده آنها را تأیید نمی کند، و این چیزی بیش از یک دام توسط خودی های وال استریت برای تخلیه (خروج نقدینگی) نبود.

📨 @NEWS_FUNDA"
2023-06-30 20:17:36+00:00,"📝 صرافی هایی که میتوانیم به مخاطبینمان پیشنهاد دهیم، صرافی های Binance و Kucoin و BingX هستند.

✅ درحال حاضر بهترین صرافی جهان بایننس (Binance) می باشد که بیشترین حجم معاملات را داراست و از پشتیبانی خوب و کاملی بهرمند می باشد اما به دلیل اجباری شدن احراز هویت، از این صرافی دیگر نمیتوان استفاده کرد؛ بعد از بایننس برای ایرانیان صرافی کوکوین (KUCOIN) بهترین گزینه است اما به تازگی به دلیل اجباری شدن احراز هویت، از این صرافی نیز دیگر نمیتوان به راحتی استفاده کرد؛
بعد از کوکوین صرافی بینگ‌اکس (BINGX) پیشنهاد بعدی می باشد؛ این صرافی از لحاظ امنیت با برترین صرافی‌ها رقابت میکند و طی سال های گذشته کمترین باگ را بین صرافی هایی همچون کوینکس و مکسی در عملکرد خود نشان داد. همچنین صرافی BingX در دو دوره قبلی جایزه بهترین صرافی از نظر Tradingview را برنده شده است. این صرافی مانند صرافی کوینکس برای کاربران ایرانی قابلیت احرازهویت دارد اما توصیه میکنیم تا زمانی که کشورمان ایران در لیست تحریم شدگان است در این صرافی با مدارک ایرانی احراز هویت نکنید و سرمایه تان را در کیف پول نگهداری کنید. جدا از این مورد توصیه ما این است که برای استفاده از صرافی ها از VPS یا VPN با آی پی ثابت استفاده کنید تا متوجه نشوند شما کاربر ایرانی هستید. همچنین قابلیت آربیتراژ و کپی ترید صرافی BingX باعث شده کاربران این صرافی هرروز درحال افزایش باشند که منجر به افزایش روزافزون حجم معاملات این صرافی شده است و کارایی آن را بیش از پیش بالا برده است.

❌ چرا صرافی بای‌بیت (BYBIT) نه؟
صرافی بای‌بیت از امنیت بالایی برخوردار بوده و جزو برترین صرافی ها از لحاظ کارآمدی است اما آخرین اطلاعیه این صرافی خبر از احرازهویت اجباری میدهد که یعنی باید از این صرافی نیز خداحافظی کنیم.

❌ چرا صرافی کوینکس (COINEX) نه؟ 
طی یک سال گذشته بیشترین مشکل کاربرانی که به تیم فنی ما مراجعه میکردند از باگ های صرافی کوینکس بوده که پشتیبانی این صرافی نیز اکثر مواقع برای حل مشکل کاری انجام نمیدادند.

❌ چرا صرافی البانک (LBANK) و مکسی (MEXC) نه؟
باتوجه به بررسی هایی که از سایت خود صرافی البانک و مکسی انجام شده، متوجه شدیم این دو صرافی محبوب، برای کاربران ایرانی امن نیست؛ چرا که به صراحت میگوند اگر متوجه شویم کاربر جزو کشور های تحریم شده است بعد از مسدود شدن سرمایه، مهلتی برای برداشت دارایی نخواهیم داد.
( منبع صرافی LBANK بند چهارم )
( منبع صرافی MEXC قسمت نظارت بر معاملات بند نهم / شرایط ثبت نام بند اول / قوانین خدمات بند دهم )

⚜ تهیه شده در فاندامنتال
📨 @NEWS_FUNDA"
2023-06-30 20:00:13+00:00,"✅ کدام صرافی خارجی از هرلحاظ برای ایرانیان مناسب است؟
موضوعی که همیشه مورد بحث بوده و باید از آن پرده برداشت

🔸 در ادامه بین ۸ صرافی محبوب، دو صرافی مناسب برای ایرانیان را به شما معرفی نموده و علت مورد تایید نبودن دیگر صرافی هارا اعلام خواهیم کرد.

👈 برای مشاهده کلیک کنید

📨 @NEWS_FUNDA"
2023-06-30 17:10:57+00:00,"🚨 بروزرسانی / یادآوری : پلتفرم وام دهی ورشکسته #Celsius مجاز است از تاریخ شنبه ۱۰ تیر یا بعد از آن، ارزهای دیجیتال خود را بفروشد یا آنها را به #بیت_کوین و #اتریوم تبدیل کند. توکن های موجود ؛

• رمزارز #CEL به ارزش ۷۰.۵ میلیون دلار
• رمزارز #MATIC به ارزش  ۵۱.۸ میلیون دلار
• رمزارز #ADA به ارزش ۲۶.۲ میلیون دلار
• رمزارز #LINK به ارزش ۱۷.۳ میلیون دلار
• رمزارز #LTC به ارزش ۱۴.۴ میلیون دلار

📨 @NEWS_FUNDA"
2023-06-30 16:42:30+00:00,"✍ کانکرر / اینفلوئنسر

آیا شما هم گرفتار این کلاهبرداری شده‌اید؟

📨 @NEWS_FUNDA"
2023-06-30 14:07:54+00:00,"✍ کمیسیون بورس و اوراق بهادار ایالات متحده : پرونده‌های صندوق قابل معامله بورسی اخیر #BlackRock و #Fidelity و سایرین واضح و جامع نیستند.

📝 در گزارشی که اخیرا منتشر شد کمیسیون بورس و اوراق بهادار ایالات متحده عملاً همه‌ی درخواست های صندوق قابل معامله بورسی نقدی #بیت‌_کوین را یکجا رد کرده است، و خواستار جایگزینی و بازنویسی مجدد آن‌ها است.

📨 @NEWS_FUNDA"
2023-06-30 13:53:23+00:00,"📉‌ هم اکنون #بیت_کوین...

📨 @NEWS_FUNDA"
2023-06-30 13:46:08+00:00,"🚨 فوری : کمیسیون بورس و اوراق بهادار ایالات متحده اعلام کرد پرونده های صندوق قابل معامله بورسی نقدی (اسپات) #بیت_کوین برایشان قابل قبول نیستند. (واضح و جامع نیستند)

🔴 فاندای منفی

📨 @NEWS_FUNDA"
2023-06-30 13:33:39+00:00,"📊 اکنون ۸۷ درصد احتمال افزایش ۰.۲۵ درصدی نرخ بهره در نشست ماه مرداد وجود دارد.

📝 ۳۹ درصد احتمال دو افزایش نرخ بهره دیگر تا ماه آبان وجود دارد. و به احتمال ۵ درصد سه افزایش نرخ‌ بهره در سال ۲۰۲۳ پیش بینی می‌شود.

📨 @NEWS_FUNDA"
2023-06-30 13:20:57+00:00,"🚨 لحظاتی پیش ۳,۶۹۴ واحد #بیت_کوین به ارزش ۱۱۴,۳۹۹,۳۸۶ میلیون دلار از یه کیف پول ناشناس به صرافی برجسته آمریکایی #Coinbase منتقل شد.

📨 @NEWS_FUNDA"
2023-06-30 13:10:21+00:00,"📊 شاخص تورمی PCE، معیار تورم ترجیحی فدرال رزرو، به ۳.۸ درصد کاهش می یابد - تورم اصلی شاخص PCE اکنون به ۴.۶ درصد رسیده است، همچنین کمتر از انتظارات ۴.۷ درصدی است. این بزرگترین کاهش ماهانه در سال جاری است و ممکن است فدرال رزرو در نهایت در مبارزه با تورم پیروز شود...

📨 @NEWS_FUNDA"
2023-06-30 12:48:09+00:00,"✍ #بیت_کوین در راه بستن کندلی سبز در ماه ژوئن/خرداد برای اولین بار در ۴ سال گذشته است.

📨 @NEWS_FUNDA"
2023-06-30 12:30:59+00:00,"✍ شرکت مدیریت دارایی ۱.۵ تریلیون دلاری فرانکلین تمپلتون :

اگر صندوق قابل معامله بورسی نقدی #بیت_کوین تایید شود، یک راه دسترسی و مسیری جدید برای پرتفوی های سنتی ایجاد خواهد شد.

📨 @NEWS_FUNDA"
2023-06-30 12:11:54+00:00,"🚨 در ۲۴ ساعت گذشته بیش از ۶۸٪ از پوزیشن های فروش (Short) #لیکوئید شد.

🔻 ۴۵,۱۰۷ معامله‌ گر لیکوئید شدند
🔻 میزان کل لیکوئیدی، ۱۳۰ میلیون دلار
🔻 بیشترین حجم لیکوئیدی، بیت کوین با ۳۳ میلیون دلار

📨 @NEWS_FUNDA"
2023-06-30 08:37:18+00:00,"📊 ارزهای دیجیتال مطرح (محبوب و پر بازدید) امروز :

#BTC
#APE 
#MATIC 
#VELA 
#MAV 
#ID 
#SUI 
#PEPE 

📨 @NEWS_FUNDA"
2023-06-30 07:50:12+00:00,"✍ نسیم طالب، نویسنده لبنانی_آمریکایی

ارزهای دیجیتال و #بیت_کوین یک ابزار مالی و یک فرقه افراطی هستند، بیت کوین بیانگر ادغام یک ابزار مالی و یک فرقه افراطی است که در تاریخ دنیای مالی ما بی سابقه است.

📨 @NEWS_FUNDA"
2023-06-30 06:30:01+00:00,"🚨 شاخص #ترس_و_طمع #بیت_کوین
🕙 جمعه ۹ تیر - 30 ژوئن 
 
🗓 امروز: 56
🗓 دیروز: 54
🗓 هفته پیش: 65
🗓 ماه پیش: 51

📨 @NEWS_FUNDA"
2023-06-30 06:29:01+00:00,
2023-06-29 20:29:01+00:00,"✍ رئیس جمهور ایالات متحده #بایدن : با از بین بردن حفره های موجود برای معامله گران #ارزهای_دیجیتال، سیستم مالیاتی را منصفانه خواهم کرد.

📨 @NEWS_FUNDA"
2023-06-29 17:12:33+00:00,"🚨 فوری : فایل های مرتبط با صندوق قابل معامله بورسی نقدی #بیت_کوین شرکت ۴.۵ تریلیون دلاری #Fidelity منتشر شد.

🟢 فاندای مثبت

📨 @NEWS_FUNDA"
2023-06-29 16:50:02+00:00,"✍ شرکت مدیریت دارایی‌های دیجیتال 3iQ، مستقر در تورنتو، با همکاری استراتژیک خود با صرافی برجسته #Coinbase بزودی #اتریوم را در قالب صندوق قابل معامله بورسی ارائه خواهد کرد.

🟢 فاندای مثبت

📨 @NEWS_FUNDA"
2023-06-29 14:57:54+00:00,"📊 ما در حال حاضر بیش از ۷۹ درصد از مسیر #هاوینگ #بیت_کوین را پیموده ایم. تاریخ وقوع هاوینگ بعدی ""۸ اردیبهشت سال ۱۴۰۳"" بصورت تقریبی

📨 @NEWS_FUNDA"
2023-06-29 14:51:19+00:00,"🚨 فوری : بریتانیا لایحه ای را برای به رسمیت شناختن #ارزهای_دیجیتال به عنوان یک فعالیت مالی قانونی در این کشور تصویب کرد.

🟢 فاندای مثبت

📨 @NEWS_FUNDA"
2023-06-29 14:41:18+00:00,"⏳ ۳۷۸ روز تا رویداد مهم #هاوینگ #اتریوم_کلاسیک باقی مانده است. «تاریخ تقریبی رویداد ۲۱ تیر ۱۴۰۳»

📨 @NEWS_FUNDA"
2023-06-29 14:02:05+00:00,"✍ واقعیت جالب : اخیرأ یک کیف دستی کوچک با عرض کمتر از 0.03 اینچ به قیمت بیش از ۶۳,۰۰۰ #دلار (۳.۲ میلیارد تومان) در یک حراج آنلاین فروخته شد...

📨 @NEWS_FUNDA"
